Region,Provincia,FUERZA POPULAR,PARTIDO POLITICO NACIONAL PERU LIBRE,ratio_keiko_castillo
AMAZONAS,CHACHAPOYAS,0.4006,0.5994,0.668335001668335
AMAZONAS,BAGUA,0.2931,0.7069,0.414627245720753
AMAZONAS,BONGARA,0.3835,0.6165,0.6220600162206
AMAZONAS,LUYA,0.3834,0.6166,0.621796951021732
AMAZONAS,RODRIGUEZ DE MENDOZA,0.408,0.592,0.689189189189189
AMAZONAS,CONDORCANQUI,0.0935,0.9065,0.103143960286817
AMAZONAS,UTCUBAMBA,0.3447,0.6553,0.526018617427133
ANCASH,HUARAZ,0.3615,0.6385,0.566170712607674
ANCASH,AIJA,0.378,0.622,0.607717041800643
ANCASH,BOLOGNESI,0.3418,0.6582,0.519295047098146
ANCASH,CARHUAZ,0.3138,0.6862,0.457301078402798
ANCASH,CASMA,0.5785,0.4215,1.37247924080664
ANCASH,CORONGO,0.4018,0.5982,0.671681711802073
ANCASH,HUAYLAS,0.5147,0.4853,1.06058108386565
ANCASH,HUARI,0.1975,0.8025,0.246105919003115
ANCASH,MARISCAL LUZURIAGA,0.1626,0.8374,0.194172438500119
ANCASH,PALLASCA,0.2699,0.7301,0.369675386933297
ANCASH,POMABAMBA,0.2181,0.7819,0.278935925310142
ANCASH,RECUAY,0.2671,0.7329,0.364442625187611
ANCASH,SANTA,0.5114,0.4886,1.04666393778142
ANCASH,SIHUAS,0.2637,0.7363,0.35814206165965
ANCASH,YUNGAY,0.3205,0.6795,0.471670345842531
ANCASH,ANTONIO RAIMONDI,0.1348,0.8652,0.155802126675913
ANCASH,CARLOS FERMIN FITZCARRALD,0.208,0.792,0.262626262626263
ANCASH,ASUNCION,0.2243,0.7757,0.28915817970865
ANCASH,HUARMEY,0.5477,0.4523,1.21092195445501
ANCASH,OCROS,0.5129,0.4871,1.05296653664545
APURIMAC,ABANCAY,0.2577,0.7423,0.347164219318335
APURIMAC,AYMARAES,0.2007,0.7993,0.251094707869386
APURIMAC,ANDAHUAYLAS,0.1718,0.8282,0.207437816952427
APURIMAC,ANTABAMBA,0.1595,0.8405,0.189767995240928
APURIMAC,COTABAMBAS,0.0884,0.9116,0.0969723562966213
APURIMAC,GRAU,0.132,0.868,0.152073732718894
APURIMAC,CHINCHEROS,0.166,0.834,0.199040767386091
AREQUIPA,AREQUIPA,0.3705,0.6295,0.58856235107228
AREQUIPA,CAYLLOMA,0.1389,0.8611,0.161305307165254
AREQUIPA,CAMANA,0.4077,0.5923,0.688333614722269
AREQUIPA,CARAVELI,0.5283,0.4717,1.11999152003392
AREQUIPA,CASTILLA,0.2413,0.7587,0.318044022670357
AREQUIPA,CONDESUYOS,0.18,0.82,0.219512195121951
AREQUIPA,ISLAY,0.2875,0.7125,0.403508771929825
AREQUIPA,LA UNION,0.1406,0.8594,0.163602513381429
AYACUCHO,HUAMANGA,0.177,0.823,0.215066828675577
AYACUCHO,CANGALLO,0.1091,0.8909,0.122460433269727
AYACUCHO,HUANTA,0.1692,0.8308,0.203659123736158
AYACUCHO,LA MAR,0.148,0.852,0.173708920187793
AYACUCHO,LUCANAS,0.2722,0.7278,0.374003847210772
AYACUCHO,PARINACOCHAS,0.1815,0.8185,0.221747098350641
AYACUCHO,VICTOR FAJARDO,0.0998,0.9002,0.110864252388358
AYACUCHO,HUANCA SANCOS,0.1172,0.8828,0.132759401903036
AYACUCHO,VILCAS HUAMAN,0.1482,0.8518,0.173984503404555
AYACUCHO,PAUCAR DEL SARA SARA,0.2701,0.7299,0.370050691875599
AYACUCHO,SUCRE,0.2331,0.7669,0.303950971443474
CAJAMARCA,CAJAMARCA,0.41,0.59,0.694915254237288
CAJAMARCA,CAJABAMBA,0.443,0.557,0.795332136445242
CAJAMARCA,CELENDIN,0.193,0.807,0.239157372986369
CAJAMARCA,CONTUMAZA,0.3916,0.6084,0.643655489809336
CAJAMARCA,CUTERVO,0.269,0.731,0.367989056087551
CAJAMARCA,CHOTA,0.1408,0.8592,0.163873370577281
CAJAMARCA,HUALGAYOC,0.096,0.904,0.106194690265487
CAJAMARCA,JAEN,0.3002,0.6998,0.428979708488139
CAJAMARCA,SANTA CRUZ,0.282,0.718,0.392757660167131
CAJAMARCA,SAN MIGUEL,0.2892,0.7108,0.40686550365785
CAJAMARCA,SAN IGNACIO,0.2111,0.7889,0.267587780453796
CAJAMARCA,SAN MARCOS,0.2639,0.7361,0.358511071865236
CAJAMARCA,SAN PABLO,0.2096,0.7904,0.265182186234818
CUSCO,CUSCO,0.2845,0.7155,0.397624039133473
CUSCO,ACOMAYO,0.07,0.93,0.0752688172043011
CUSCO,ANTA,0.1178,0.8822,0.133529811834051
CUSCO,CALCA,0.1241,0.8759,0.141682840506907
CUSCO,CANAS,0.0436,0.9564,0.0455876202425763
CUSCO,CANCHIS,0.0828,0.9172,0.0902747492368077
CUSCO,CHUMBIVILCAS,0.0354,0.9646,0.0366991499066971
CUSCO,ESPINAR,0.0779,0.9221,0.0844810758052272
CUSCO,LA CONVENCION,0.1544,0.8456,0.182592242194891
CUSCO,PARURO,0.0789,0.9211,0.0856584518510477
CUSCO,PAUCARTAMBO,0.0752,0.9248,0.0813148788927336
CUSCO,QUISPICANCHI,0.102,0.898,0.11358574610245
CUSCO,URUBAMBA,0.1344,0.8656,0.155268022181146
HUANCAVELICA,HUANCAVELICA,0.1186,0.8814,0.134558656682551
HUANCAVELICA,ACOBAMBA,0.1288,0.8712,0.147842056932966
HUANCAVELICA,ANGARAES,0.1122,0.8878,0.12637981527371
HUANCAVELICA,CASTROVIRREYNA,0.3235,0.6765,0.47819660014782
HUANCAVELICA,TAYACAJA,0.1578,0.8422,0.187366421277606
HUANCAVELICA,HUAYTARA,0.3255,0.6745,0.482579688658265
HUANCAVELICA,CHURCAMPA,0.1579,0.8421,0.187507421921387
HUANUCO,HUANUCO,0.3605,0.6395,0.563721657544957
HUANUCO,AMBO,0.3233,0.6767,0.477759716270135
HUANUCO,DOS DE MAYO,0.1928,0.8072,0.238850346878097
HUANUCO,HUAMALIES,0.1733,0.8267,0.20962864400629
HUANUCO,MARAÑON,0.3075,0.6925,0.444043321299639
HUANUCO,LEONCIO PRADO,0.4564,0.5436,0.839587932303164
HUANUCO,PACHITEA,0.1824,0.8176,0.223091976516634
HUANUCO,PUERTO INCA,0.3839,0.6161,0.62311313098523
HUANUCO,HUACAYBAMBA,0.168,0.832,0.201923076923077
HUANUCO,LAURICOCHA,0.1435,0.8565,0.167542323409224
HUANUCO,YAROWILCA,0.0922,0.9078,0.101564221194096
ICA,ICA,0.5298,0.4702,1.12675457252233
ICA,CHINCHA,0.5322,0.4678,1.13766566908935
ICA,NASCA,0.5093,0.4907,1.03790503362543
ICA,PISCO,0.5103,0.4897,1.04206657137023
ICA,PALPA,0.4985,0.5015,0.994017946161516
JUNIN,HUANCAYO,0.3979,0.6021,0.660853678790899
JUNIN,CONCEPCION,0.4319,0.5681,0.760253476500616
JUNIN,JAUJA,0.4848,0.5152,0.940993788819876
JUNIN,JUNIN,0.3188,0.6812,0.467997651203758
JUNIN,TARMA,0.4854,0.5146,0.94325689856199
JUNIN,YAULI,0.3255,0.6745,0.482579688658265
JUNIN,SATIPO,0.4439,0.5561,0.798237727027513
JUNIN,CHANCHAMAYO,0.4659,0.5341,0.872308556450103
JUNIN,CHUPACA,0.3189,0.6811,0.468213184554397
LA LIBERTAD,TRUJILLO,0.6637,0.3363,1.97353553374963
LA LIBERTAD,BOLIVAR,0.3863,0.6137,0.629460648525338
LA LIBERTAD,SANCHEZ CARRION,0.4908,0.5092,0.963864886095837
LA LIBERTAD,OTUZCO,0.4747,0.5253,0.903674090995622
LA LIBERTAD,PACASMAYO,0.5727,0.4273,1.34027615258601
LA LIBERTAD,PATAZ,0.4207,0.5793,0.726221301570861
LA LIBERTAD,SANTIAGO DE CHUCO,0.4374,0.5626,0.777461784571632
LA LIBERTAD,ASCOPE,0.6001,0.3999,1.50062515628907
LA LIBERTAD,CHEPEN,0.5648,0.4352,1.29779411764706
LA LIBERTAD,JULCAN,0.4401,0.5599,0.786033220217896
LA LIBERTAD,GRAN CHIMU,0.6822,0.3178,2.14663310258024
LA LIBERTAD,VIRU,0.4376,0.5624,0.778093883357041
LAMBAYEQUE,CHICLAYO,0.5968,0.4032,1.48015873015873
LAMBAYEQUE,FERREÑAFE,0.4866,0.5134,0.947798987144527
LAMBAYEQUE,LAMBAYEQUE,0.5688,0.4312,1.3191094619666
LIMA,LIMA,0.6573,0.3427,1.91800408520572
LIMA,CAJATAMBO,0.549,0.451,1.21729490022173
LIMA,CANTA,0.4796,0.5204,0.921598770176787
LIMA,CAÑETE,0.5469,0.4531,1.20701831825204
LIMA,HUAURA,0.536,0.464,1.1551724137931
LIMA,HUAROCHIRI,0.4689,0.5311,0.882884579175297
LIMA,YAUYOS,0.4072,0.5928,0.686909581646424
LIMA,HUARAL,0.5651,0.4349,1.29937916762474
LIMA,BARRANCA,0.5587,0.4413,1.26603217765692
LIMA,OYON,0.4464,0.5536,0.80635838150289
LORETO,MAYNAS,0.5538,0.4462,1.24114746750336
LORETO,ALTO AMAZONAS,0.3092,0.6908,0.447596988998263
LORETO,LORETO,0.55,0.45,1.22222222222222
LORETO,REQUENA,0.6429,0.3571,1.80033604032484
LORETO,UCAYALI,0.4243,0.5757,0.737015806843842
LORETO,MARISCAL RAMON CASTILLA,0.7122,0.2878,2.47463516330785
LORETO,DATEM DEL MARAÑON,0.3276,0.6724,0.48720999405116
LORETO,PUTUMAYO,0.6592,0.3408,1.93427230046948
MADRE DE DIOS,TAMBOPATA,0.2933,0.7067,0.415027593038064
MADRE DE DIOS,MANU,0.2091,0.7909,0.264382349222405
MADRE DE DIOS,TAHUAMANU,0.3549,0.6451,0.550147263990079
MOQUEGUA,MARISCAL NIETO,0.2142,0.7858,0.27258844489692
MOQUEGUA,GENERAL SANCHEZ CERRO,0.1537,0.8463,0.181614084839891
MOQUEGUA,ILO,0.3538,0.6462,0.547508511296812
PASCO,PASCO,0.244,0.756,0.322751322751323
PASCO,DANIEL ALCIDES CARRION,0.1426,0.8574,0.166316771635176
PASCO,OXAPAMPA,0.5736,0.4264,1.34521575984991
PIURA,PIURA,0.6424,0.3576,1.79642058165548
PIURA,AYABACA,0.2674,0.7326,0.365001365001365
PIURA,HUANCABAMBA,0.3105,0.6895,0.45032632342277
PIURA,MORROPON,0.5751,0.4249,1.35349493998588
PIURA,PAITA,0.5819,0.4181,1.39177230327673
PIURA,SULLANA,0.7168,0.2832,2.53107344632768
PIURA,TALARA,0.5629,0.4371,1.2878059940517
PIURA,SECHURA,0.6069,0.3931,1.54388196387688
PUNO,PUNO,0.1483,0.8517,0.174122343548198
PUNO,AZANGARO,0.0456,0.9544,0.0477787091366303
PUNO,CARABAYA,0.1036,0.8964,0.115573404730031
PUNO,CHUCUITO,0.0631,0.9369,0.0673497705197994
PUNO,HUANCANE,0.0512,0.9488,0.0539629005059022
PUNO,LAMPA,0.0862,0.9138,0.094331363536879
PUNO,MELGAR,0.0666,0.9334,0.0713520462824084
PUNO,SANDIA,0.1053,0.8947,0.117693081479826
PUNO,SAN ROMAN,0.1645,0.8355,0.196888090963495
PUNO,YUNGUYO,0.0811,0.9189,0.0882576994232234
PUNO,SAN ANTONIO DE PUTINA,0.0675,0.9325,0.0723860589812333
PUNO,EL COLLAO,0.0528,0.9472,0.0557432432432433
PUNO,MOHO,0.0531,0.9469,0.0560777273207308
SAN MARTIN,MOYOBAMBA,0.427,0.573,0.745200698080279
SAN MARTIN,HUALLAGA,0.4156,0.5844,0.711156741957563
SAN MARTIN,LAMAS,0.4543,0.5457,0.832508704416346
SAN MARTIN,MARISCAL CACERES,0.4422,0.5578,0.792757260666906
SAN MARTIN,RIOJA,0.3906,0.6094,0.640958319658681
SAN MARTIN,SAN MARTIN,0.5335,0.4665,1.14362272240086
SAN MARTIN,BELLAVISTA,0.3622,0.6378,0.567889620570712
SAN MARTIN,TOCACHE,0.3348,0.6652,0.503307276007216
SAN MARTIN,PICOTA,0.4597,0.5403,0.850823616509347
SAN MARTIN,EL DORADO,0.3859,0.6141,0.628399283504315
TACNA,TACNA,0.2843,0.7157,0.397233477714126
TACNA,TARATA,0.1447,0.8553,0.16918040453642
TACNA,JORGE BASADRE,0.1742,0.8258,0.210946960523129
TACNA,CANDARAVE,0.097,0.903,0.107419712070875
TUMBES,TUMBES,0.6297,0.3703,1.70051309748852
TUMBES,CONTRALMIRANTE VILLAR,0.727,0.273,2.66300366300366
TUMBES,ZARUMILLA,0.7265,0.2735,2.6563071297989
CALLAO,CALLAO,0.6742,0.3258,2.06936771025169
UCAYALI,CORONEL PORTILLO,0.55,0.45,1.22222222222222
UCAYALI,PADRE ABAD,0.3088,0.6912,0.446759259259259
UCAYALI,ATALAYA,0.5371,0.4629,1.16029379995679
UCAYALI,PURUS,0.7407,0.2593,2.85653682992673
